,,,,,,,,,,,,,,,,,,,,,,,,,,,,,,,,,,,,,,,,,,,,,,,,,,,,,,,,,,,,,,,,
Theme: Economy & Prices,,,,,,,,,,,,,,,,,,,,,,,,,,,,,,,,,,,,,,,,,,,,,,,,,,,,,,,,,,,,,,,,
Subject: Prices and Price Indices,,,,,,,,,,,,,,,,,,,,,,,,,,,,,,,,,,,,,,,,,,,,,,,,,,,,,,,,,,,,,,,,
Topic: Consumer Price Index (CPI)/ Inflation Rate,,,,,,,,,,,,,,,,,,,,,,,,,,,,,,,,,,,,,,,,,,,,,,,,,,,,,,,,,,,,,,,,
"Table Title: Consumer Price Index (CPI), 2024 As Base Year, Annual",,,,,,,,,,,,,,,,,,,,,,,,,,,,,,,,,,,,,,,,,,,,,,,,,,,,,,,,,,,,,,,,
,,,,,,,,,,,,,,,,,,,,,,,,,,,,,,,,,,,,,,,,,,,,,,,,,,,,,,,,,,,,,,,,
Data last updated: 24/02/2025,,,,,,,,,,,,,,,,,,,,,,,,,,,,,,,,,,,,,,,,,,,,,,,,,,,,,,,,,,,,,,,,
Source: SINGAPORE DEPARTMENT OF STATISTICS,,,,,,,,,,,,,,,,,,,,,,,,,,,,,,,,,,,,,,,,,,,,,,,,,,,,,,,,,,,,,,,,
,,,,,,,,,,,,,,,,,,,,,,,,,,,,,,,,,,,,,,,,,,,,,,,,,,,,,,,,,,,,,,,,
,,,,,,,,,,,,,,,,,,,,,,,,,,,,,,,,,,,,,,,,,,,,,,,,,,,,,,,,,,,,,,,,Index
Data Series,2024 ,2023 ,2022 ,2021 ,2020 ,2019 ,2018 ,2017 ,2016 ,2015 ,2014 ,2013 ,2012 ,2011 ,2010 ,2009 ,2008 ,2007 ,2006 ,2005 ,2004 ,2003 ,2002 ,2001 ,2000 ,1999 ,1998 ,1997 ,1996 ,1995 ,1994 ,1993 ,1992 ,1991 ,1990 ,1989 ,1988 ,1987 ,1986 ,1985 ,1984 ,1983 ,1982 ,1981 ,1980 ,1979 ,1978 ,1977 ,1976 ,1975 ,1974 ,1973 ,1972 ,1971 ,1970 ,1969 ,1968 ,1967 ,1966 ,1965 ,1964 ,1963 ,1962 ,1961 
All Items,100,97.666,93.163,87.781,85.794,85.942,85.457,85.084,84.596,85.046,85.493,84.618,82.664,79.043,75.099,73.033,72.606,68.088,66.681,66.043,65.732,64.651,64.337,64.59,63.942,63.091,63.076,63.248,61.994,61.15,60.114,58.309,57.003,55.752,53.898,52.1,50.932,50.168,49.926,50.626,50.378,49.1,48.595,46.763,43.223,39.822,38.289,36.793,35.657,36.346,35.433,28.957,24.208,23.7,23.263,23.196,23.223,23.057,22.345,21.902,21.848,21.494,21.046,20.953
  Food,100,97.24,91.902,87.266,86.018,84.449,83.185,82.006,80.868,79.23,77.727,75.541,73.991,72.314,70.172,69.232,67.706,62.843,61.015,60.08,59.316,58.15,57.804,57.776,57.484,57.18,56.688,56.551,55.429,54.287,53.068,51.264,50.779,50.175,49.403,49.029,48.488,47.823,47.904,48.629,49.206,48.467,48.273,45.98,41.963,38.961,37.893,36.164,34.471,36.695,36.307,28.887,21.696,21.177,20.706,20.826,21.183,21.131,20.199,19.648,19.746,19.263,18.579,18.454
  Food Excl Food & Beverage Serving Services,100,98.79,93.966,89.266,87.865,85.408,84.455,83.367,82.303,80.434,79.445,77.215,75.527,73.763,71.239,69.623,67.922,61.894,59.487,58.37,57.207,55.389,55.065,55.659,55.876,55.576,54.885,55.461,54.172,53.301,52.508,50.948,50.967,50.435,49.875,na,na,na,na,na,na,na,na,na,na,na,na,na,na,na,na,na,na,na,na,na,na,na,na,na,na,na,na,na
    Rice & Cereal Products,100,96.482,90.274,86.768,86.181,84.505,83.191,82.014,81.513,80.475,79.487,78.348,77.3,75.931,74.627,73.116,70.583,60.824,58.862,58.182,na,na,na,na,na,na,na,na,na,na,na,na,na,na,na,na,na,na,na,na,na,na,na,na,na,na,na,na,na,na,na,na,na,na,na,na,na,na,na,na,na,na,na,na
      Rice,100,97.842,94.995,96.322,98.206,96.513,92.848,91.589,92.048,91.343,na,na,na,na,na,na,na,na,na,na,na,na,na,na,na,na,na,na,na,na,na,na,na,na,na,na,na,na,na,na,na,na,na,na,na,na,na,na,na,na,na,na,na,na,na,na,na,na,na,na,na,na,na,na
      Flour,100,100.251,90.454,88.636,90.427,92.402,92.576,94.411,94.108,93.086,na,na,na,na,na,na,na,na,na,na,na,na,na,na,na,na,na,na,na,na,na,na,na,na,na,na,na,na,na,na,na,na,na,na,na,na,na,na,na,na,na,na,na,na,na,na,na,na,na,na,na,na,na,na
      Bread,100,95.696,88.388,84.046,82.966,82.244,81.355,80.098,79.642,78.13,na,na,na,na,na,na,na,na,na,na,na,na,na,na,na,na,na,na,na,na,na,na,na,na,na,na,na,na,na,na,na,na,na,na,na,na,na,na,na,na,na,na,na,na,na,na,na,na,na,na,na,na,na,na
"      Macaroni, Noodles & Similar Pasta Products",100,98.933,92.918,87.123,86.048,84.326,84.892,84.461,84.402,83.556,na,na,na,na,na,na,na,na,na,na,na,na,na,na,na,na,na,na,na,na,na,na,na,na,na,na,na,na,na,na,na,na,na,na,na,na,na,na,na,na,na,na,na,na,na,na,na,na,na,na,na,na,na,na
      Biscuits & Cookies,100,98.179,91.96,85.617,85.268,81.799,80.756,79.448,78.608,77.021,na,na,na,na,na,na,na,na,na,na,na,na,na,na,na,na,na,na,na,na,na,na,na,na,na,na,na,na,na,na,na,na,na,na,na,na,na,na,na,na,na,na,na,na,na,na,na,na,na,na,na,na,na,na
      Cakes & Pastries,100,95.395,89.225,85.563,84.304,82.298,81.018,79.361,78.137,77.515,na,na,na,na,na,na,na,na,na,na,na,na,na,na,na,na,na,na,na,na,na,na,na,na,na,na,na,na,na,na,na,na,na,na,na,na,na,na,na,na,na,na,na,na,na,na,na,na,na,na,na,na,na,na
      Breakfast Cereals,100,95.808,85.557,83.731,82.88,81.299,80.815,81.415,82.445,81.524,na,na,na,na,na,na,na,na,na,na,na,na,na,na,na,na,na,na,na,na,na,na,na,na,na,na,na,na,na,na,na,na,na,na,na,na,na,na,na,na,na,na,na,na,na,na,na,na,na,na,na,na,na,na
      Other Cereal Products Nec,100,92.598,85.561,84.398,83.032,81.159,79.79,79.387,78.966,77.922,na,na,na,na,na,na,na,na,na,na,na,na,na,na,na,na,na,na,na,na,na,na,na,na,na,na,na,na,na,na,na,na,na,na,na,na,na,na,na,na,na,na,na,na,na,na,na,na,na,na,na,na,na,na
    Meat,100,100.005,93.833,85.627,85.393,80.875,80.797,80.854,80.388,78.672,78.146,76.821,76.231,74.81,72.725,71.468,68.006,61.302,59.857,59.136,na,na,na,na,na,na,na,na,na,na,na,na,na,na,na,na,na,na,na,na,na,na,na,na,na,na,na,na,na,na,na,na,na,na,na,na,na,na,na,na,na,na,na,na
"      Pork, Chilled Or Frozen",100,100.511,95.226,93.539,94.059,86.546,86.956,86.907,86.769,84.296,na,na,na,na,na,na,na,na,na,na,na,na,na,na,na,na,na,na,na,na,na,na,na,na,na,na,na,na,na,na,na,na,na,na,na,na,na,na,na,na,na,na,na,na,na,na,na,na,na,na,na,na,na,na
"      Beef, Chilled Or Frozen",100,97.275,95.103,90.312,86.677,83.746,83.468,84.19,82.209,80.613,na,na,na,na,na,na,na,na,na,na,na,na,na,na,na,na,na,na,na,na,na,na,na,na,na,na,na,na,na,na,na,na,na,na,na,na,na,na,na,na,na,na,na,na,na,na,na,na,na,na,na,na,na,na
"      Mutton, Chilled Or Frozen",100,100.655,94.303,83.318,84.358,76.589,73.884,71.795,71.159,71.567,na,na,na,na,na,na,na,na,na,na,na,na,na,na,na,na,na,na,na,na,na,na,na,na,na,na,na,na,na,na,na,na,na,na,na,na,na,na,na,na,na,na,na,na,na,na,na,na,na,na,na,na,na,na
"      Poultry, Chilled Or Frozen",100,101.44,92.351,74.419,74.4,72.993,72.937,73.665,73.604,71.833,na,na,na,na,na,na,na,na,na,na,na,na,na,na,na,na,na,na,na,na,na,na,na,na,na,na,na,na,na,na,na,na,na,na,na,na,na,na,na,na,na,na,na,na,na,na,na,na,na,na,na,na,na,na
"      Meat, Preserved Or Prepared",100,97.48,93.317,90.659,90.04,85.039,84.672,83.868,82.751,81.952,na,na,na,na,na,na,na,na,na,na,na,na,na,na,na,na,na,na,na,na,na,na,na,na,na,na,na,na,na,na,na,na,na,na,na,na,na,na,na,na,na,na,na,na,na,na,na,na,na,na,na,na,na,na
    Fish & Other Seafood,100,103.822,98.604,93.732,93.27,92.354,91.122,88.819,86.641,83.014,81.815,79.558,77.115,74.147,69.951,68.263,67.21,64.239,62.898,60.969,na,na,na,na,na,na,na,na,na,na,na,na,na,na,na,na,na,na,na,na,na,na,na,na,na,na,na,na,na,na,na,na,na,na,na,na,na,na,na,na,na,na,na,na
"      Fish, Fresh Or Chilled",100,103.021,100.45,93.98,93.665,92.869,91.539,89.003,86.157,82.054,na,na,na,na,na,na,na,na,na,na,na,na,na,na,na,na,na,na,na,na,na,na,na,na,na,na,na,na,na,na,na,na,na,na,na,na,na,na,na,na,na,na,na,na,na,na,na,na,na,na,na,na,na,na
"      Fish, Frozen",100,103.875,97.185,88.98,88.115,88.092,89.273,87.283,82.67,76.412,na,na,na,na,na,na,na,na,na,na,na,na,na,na,na,na,na,na,na,na,na,na,na,na,na,na,na,na,na,na,na,na,na,na,na,na,na,na,na,na,na,na,na,na,na,na,na,na,na,na,na,na,na,na
"      Other Seafood, Fresh, Chilled Or Frozen",100,112.488,101.748,101.062,100.117,100.331,99.116,97.182,95.588,92.498,na,na,na,na,na,na,na,na,na,na,na,na,na,na,na,na,na,na,na,na,na,na,na,na,na,na,na,na,na,na,na,na,na,na,na,na,na,na,na,na,na,na,na,na,na,na,na,na,na,na,na,na,na,na
      Seafood Preparations,100,97.388,89.975,86.259,85.91,83.323,82.137,80.123,79.388,76.794,na,na,na,na,na,na,na,na,na,na,na,na,na,na,na,na,na,na,na,na,na,na,na,na,na,na,na,na,na,na,na,na,na,na,na,na,na,na,na,na,na,na,na,na,na,na,na,na,na,na,na,na,na,na
"    Milk, Other Dairy Products & Eggs",100,98.458,93.067,87.854,86.556,84.903,84.524,83.208,82.755,81.43,79.856,76.001,72.864,69.857,66.753,65.14,63.899,57.18,53.823,52.89,na,na,na,na,na,na,na,na,na,na,na,na,na,na,na,na,na,na,na,na,na,na,na,na,na,na,na,na,na,na,na,na,na,na,na,na,na,na,na,na,na,na,na,na
      Milk,100,98.428,93.523,91.933,90.785,87.061,87.064,85.459,84.79,84.467,na,na,na,na,na,na,na,na,na,na,na,na,na,na,na,na,na,na,na,na,na,na,na,na,na,na,na,na,na,na,na,na,na,na,na,na,na,na,na,na,na,na,na,na,na,na,na,na,na,na,na,na,na,na
      Other Milk & Cream,100,97.066,92.482,89.684,89.502,89.18,89.36,88.736,87.83,85.462,na,na,na,na,na,na,na,na,na,na,na,na,na,na,na,na,na,na,na,na,na,na,na,na,na,na,na,na,na,na,na,na,na,na,na,na,na,na,na,na,na,na,na,na,na,na,na,na,na,na,na,na,na,na
      Dairy Products Nec,100,97.737,96.77,94.398,92.665,87.895,87.431,84.202,83.343,81.69,na,na,na,na,na,na,na,na,na,na,na,na,na,na,na,na,na,na,na,na,na,na,na,na,na,na,na,na,na,na,na,na,na,na,na,na,na,na,na,na,na,na,na,na,na,na,na,na,na,na,na,na,na,na
      Eggs,100,102.227,90.843,73.933,70.31,70.458,67.776,66.266,67.986,69.258,na,na,na,na,na,na,na,na,na,na,na,na,na,na,na,na,na,na,na,na,na,na,na,na,na,na,na,na,na,na,na,na,na,na,na,na,na,na,na,na,na,na,na,na,na,na,na,na,na,na,na,na,na,na
    Oils & Fats,100,97.023,93.97,87.357,86.604,84.924,84.501,81.545,81.44,82.676,83.199,82.735,83.752,82.614,78.974,80.714,81.444,59.902,55.414,54.547,na,na,na,na,na,na,na,na,na,na,na,na,na,na,na,na,na,na,na,na,na,na,na,na,na,na,na,na,na,na,na,na,na,na,na,na,na,na,na,na,na,na,na,na
      Vegetable Oils,100,97.163,96.071,89.189,88.332,86.265,85.752,84.591,85.402,87.122,na,na,na,na,na,na,na,na,na,na,na,na,na,na,na,na,na,na,na,na,na,na,na,na,na,na,na,na,na,na,na,na,na,na,na,na,na,na,na,na,na,na,na,na,na,na,na,na,na,na,na,na,na,na
      Butter & Other Fats,100,96.584,87.415,81.641,81.212,80.739,80.524,73.605,71.457,71.595,na,na,na,na,na,na,na,na,na,na,na,na,na,na,na,na,na,na,na,na,na,na,na,na,na,na,na,na,na,na,na,na,na,na,na,na,na,na,na,na,na,na,na,na,na,na,na,na,na,na,na,na,na,na
    Fruits & Nuts,100,98.235,94.831,91.831,89.427,87.947,86.204,84.589,82.443,80.509,79.072,73.429,70.364,68.68,66.219,64.977,63.313,59.449,56.633,55.897,na,na,na,na,na,na,na,na,na,na,na,na,na,na,na,na,na,na,na,na,na,na,na,na,na,na,na,na,na,na,na,na,na,na,na,na,na,na,na,na,na,na,na,na
"      Tropical Fruits, Fresh",100,98.028,95.884,94.042,93.179,91.009,88.383,85.481,82.913,78.508,na,na,na,na,na,na,na,na,na,na,na,na,na,na,na,na,na,na,na,na,na,na,na,na,na,na,na,na,na,na,na,na,na,na,na,na,na,na,na,na,na,na,na,na,na,na,na,na,na,na,na,na,na,na
"      Citrus, Beries, Stone & Other Fruits, Fresh",100,98.282,94.514,90.708,86.923,85.638,84.008,82.835,80.785,80.443,na,na,na,na,na,na,na,na,na,na,na,na,na,na,na,na,na,na,na,na,na,na,na,na,na,na,na,na,na,na,na,na,na,na,na,na,na,na,na,na,na,na,na,na,na,na,na,na,na,na,na,na,na,na
"      Fruit, Dried & Dehydrated",100,98.606,92.249,88.607,88.37,85.996,84.847,83.821,81.133,79.953,na,na,na,na,na,na,na,na,na,na,na,na,na,na,na,na,na,na,na,na,na,na,na,na,na,na,na,na,na,na,na,na,na,na,na,na,na,na,na,na,na,na,na,na,na,na,na,na,na,na,na,na,na,na
"      Fruits, Canned Or Bottled",100,98.77,98.296,90.04,89.228,86.335,86.069,83.005,81.41,82.472,na,na,na,na,na,na,na,na,na,na,na,na,na,na,na,na,na,na,na,na,na,na,na,na,na,na,na,na,na,na,na,na,na,na,na,na,na,na,na,na,na,na,na,na,na,na,na,na,na,na,na,na,na,na
"      Nuts & Seed, In Shell Or Shelled",100,98.442,93.748,92.615,92.127,92.478,93.057,93.5,92.753,88.562,na,na,na,na,na,na,na,na,na,na,na,na,na,na,na,na,na,na,na,na,na,na,na,na,na,na,na,na,na,na,na,na,na,na,na,na,na,na,na,na,na,na,na,na,na,na,na,na,na,na,na,na,na,na
    Vegetables,100,97.693,95.942,91.553,86.998,82.823,81.202,81.284,80.059,76.959,76.172,73.71,71.712,70.85,68.246,64.603,63.98,60.333,56.708,56.024,na,na,na,na,na,na,na,na,na,na,na,na,na,na,na,na,na,na,na,na,na,na,na,na,na,na,na,na,na,na,na,na,na,na,na,na,na,na,na,na,na,na,na,na
"      Leafy Vegetables, Fresh Or Chilled",100,98.408,99.196,93.605,85.792,82.696,80.65,80.709,80.766,76.261,na,na,na,na,na,na,na,na,na,na,na,na,na,na,na,na,na,na,na,na,na,na,na,na,na,na,na,na,na,na,na,na,na,na,na,na,na,na,na,na,na,na,na,na,na,na,na,na,na,na,na,na,na,na
"      Fruit-Bearing Vegetables, Fresh Or Chilled",100,104.019,101.781,95.851,88.953,83.69,81.165,80.328,79.129,76.876,na,na,na,na,na,na,na,na,na,na,na,na,na,na,na,na,na,na,na,na,na,na,na,na,na,na,na,na,na,na,na,na,na,na,na,na,na,na,na,na,na,na,na,na,na,na,na,na,na,na,na,na,na,na
"      Root Vegetables, Fresh Or Chilled",100,91.951,89.296,88.953,88.496,83.737,82.601,83.422,80.617,75.91,na,na,na,na,na,na,na,na,na,na,na,na,na,na,na,na,na,na,na,na,na,na,na,na,na,na,na,na,na,na,na,na,na,na,na,na,na,na,na,na,na,na,na,na,na,na,na,na,na,na,na,na,na,na
"      Other Vegetables, Fresh Or Chilled",100,99.742,96.748,93.183,93.282,91.661,91.216,88.322,88.73,87.037,na,na,na,na,na,na,na,na,na,na,na,na,na,na,na,na,na,na,na,na,na,na,na,na,na,na,na,na,na,na,na,na,na,na,na,na,na,na,na,na,na,na,na,na,na,na,na,na,na,na,na,na,na,na
"      Vegetables, Frozen",100,93.938,87.644,78.64,77.599,73.043,72.62,71.781,71.032,72.57,na,na,na,na,na,na,na,na,na,na,na,na,na,na,na,na,na,na,na,na,na,na,na,na,na,na,na,na,na,na,na,na,na,na,na,na,na,na,na,na,na,na,na,na,na,na,na,na,na,na,na,na,na,na
"      Vegetables, Dried, Salted, Steamed Or Smoked",100,95.302,88.308,85.228,84.323,81.411,78.881,78.03,76.894,76.025,na,na,na,na,na,na,na,na,na,na,na,na,na,na,na,na,na,na,na,na,na,na,na,na,na,na,na,na,na,na,na,na,na,na,na,na,na,na,na,na,na,na,na,na,na,na,na,na,na,na,na,na,na,na
"      Vegetables, Canned Or Bottled",100,96.214,92.571,90.546,90.2,86.445,84.803,92.715,87.708,85.686,na,na,na,na,na,na,na,na,na,na,na,na,na,na,na,na,na,na,na,na,na,na,na,na,na,na,na,na,na,na,na,na,na,na,na,na,na,na,na,na,na,na,na,na,na,na,na,na,na,na,na,na,na,na
"      Vegetables, Preserved Or Prepared, Other Forms",100,96.581,92.632,86.955,85.161,78.655,78.612,77.173,75.889,75.268,na,na,na,na,na,na,na,na,na,na,na,na,na,na,na,na,na,na,na,na,na,na,na,na,na,na,na,na,na,na,na,na,na,na,na,na,na,na,na,na,na,na,na,na,na,na,na,na,na,na,na,na,na,na
"    Sugar, Confectionery & Desserts",100,99.515,95.562,92.969,92.123,88.247,88.525,87.394,85.856,84.435,83.611,84.284,84.305,83.578,82.17,79.804,79.178,75.296,71.602,66.445,na,na,na,na,na,na,na,na,na,na,na,na,na,na,na,na,na,na,na,na,na,na,na,na,na,na,na,na,na,na,na,na,na,na,na,na,na,na,na,na,na,na,na,na
      Sugar,100,95.265,89.48,86.306,85.517,84.904,85.22,84.787,81.77,81.916,na,na,na,na,na,na,na,na,na,na,na,na,na,na,na,na,na,na,na,na,na,na,na,na,na,na,na,na,na,na,na,na,na,na,na,na,na,na,na,na,na,na,na,na,na,na,na,na,na,na,na,na,na,na
"      Jams, Fruit Jellies, Fruit Puree & Pastes, Honey",100,98.667,94.855,92.019,90.662,89.689,90.467,89.101,87.043,86.637,na,na,na,na,na,na,na,na,na,na,na,na,na,na,na,na,na,na,na,na,na,na,na,na,na,na,na,na,na,na,na,na,na,na,na,na,na,na,na,na,na,na,na,na,na,na,na,na,na,na,na,na,na,na
      Nut Butter & Paste,100,102.124,101.023,99.699,94.169,94.916,92.533,93.097,92.551,93.747,na,na,na,na,na,na,na,na,na,na,na,na,na,na,na,na,na,na,na,na,na,na,na,na,na,na,na,na,na,na,na,na,na,na,na,na,na,na,na,na,na,na,na,na,na,na,na,na,na,na,na,na,na,na
"      Chocolate, Cocoa, & Cocoa-Based Food Products",100,100.162,93.528,90.873,89.771,86.152,86.475,85.501,84.446,82.4,na,na,na,na,na,na,na,na,na,na,na,na,na,na,na,na,na,na,na,na,na,na,na,na,na,na,na,na,na,na,na,na,na,na,na,na,na,na,na,na,na,na,na,na,na,na,na,na,na,na,na,na,na,na
      Ice & Ice Cream,100,100.91,101.444,99.467,99.859,91.311,91.124,89.129,87.754,85.796,na,na,na,na,na,na,na,na,na,na,na,na,na,na,na,na,na,na,na,na,na,na,na,na,na,na,na,na,na,na,na,na,na,na,na,na,na,na,na,na,na,na,na,na,na,na,na,na,na,na,na,na,na,na
      Sugar Confectionery & Desserts Nec,100,97.388,89.805,86.113,85.432,83.411,84.103,83.709,82.341,80.244,na,na,na,na,na,na,na,na,na,na,na,na,na,na,na,na,na,na,na,na,na,na,na,na,na,na,na,na,na,na,na,na,na,na,na,na,na,na,na,na,na,na,na,na,na,na,na,na,na,na,na,na,na,na
    Ready-Made Food & Other Food Products Nec,100,96.499,91.328,88.291,87.436,86.417,85.897,84.547,83.539,81.83,80.406,78.859,77.687,76.309,73.97,73.281,70.874,65.143,63.658,62.888,na,na,na,na,na,na,na,na,na,na,na,na,na,na,na,na,na,na,na,na,na,na,na,na,na,na,na,na,na,na,na,na,na,na,na,na,na,na,na,na,na,na,na,na
      Ready-Made Food,100,96.443,89.672,85.009,82.855,80.784,79.794,78.507,77.375,77.462,na,na,na,na,na,na,na,na,na,na,na,na,na,na,na,na,na,na,na,na,na,na,na,na,na,na,na,na,na,na,na,na,na,na,na,na,na,na,na,na,na,na,na,na,na,na,na,na,na,na,na,na,na,na
      Baby Food,100,94.889,92.845,90.566,89.484,89.928,90.394,89.384,89.29,87.716,na,na,na,na,na,na,na,na,na,na,na,na,na,na,na,na,na,na,na,na,na,na,na,na,na,na,na,na,na,na,na,na,na,na,na,na,na,na,na,na,na,na,na,na,na,na,na,na,na,na,na,na,na,na
"      Salt, Condiments & Sauces",100,94.638,88.822,85.625,85.085,84.19,84.549,83.561,82.266,79.013,na,na,na,na,na,na,na,na,na,na,na,na,na,na,na,na,na,na,na,na,na,na,na,na,na,na,na,na,na,na,na,na,na,na,na,na,na,na,na,na,na,na,na,na,na,na,na,na,na,na,na,na,na,na
"      Spices, Culinary Herbs & Seeds",100,97.051,91.661,89.767,89.01,87.949,88.169,86.036,84.808,81.516,na,na,na,na,na,na,na,na,na,na,na,na,na,na,na,na,na,na,na,na,na,na,na,na,na,na,na,na,na,na,na,na,na,na,na,na,na,na,na,na,na,na,na,na,na,na,na,na,na,na,na,na,na,na
"      Food Hampers, Incl Fruits",100,na,na,na,na,na,na,na,na,na,na,na,na,na,na,na,na,na,na,na,na,na,na,na,na,na,na,na,na,na,na,na,na,na,na,na,na,na,na,na,na,na,na,na,na,na,na,na,na,na,na,na,na,na,na,na,na,na,na,na,na,na,na,na
      Other Food Products Nec,100,98.679,95.15,92.737,93.246,92.982,91.349,89.83,89.474,89.083,na,na,na,na,na,na,na,na,na,na,na,na,na,na,na,na,na,na,na,na,na,na,na,na,na,na,na,na,na,na,na,na,na,na,na,na,na,na,na,na,na,na,na,na,na,na,na,na,na,na,na,na,na,na
    Non-Alcoholic Beverages,100,97.297,91.799,87.992,86.566,83.586,82.317,81.372,80.939,80.782,80.578,79.767,78.889,77.333,75.317,75.028,74.67,69.932,66.15,64.871,na,na,na,na,na,na,na,na,na,na,na,na,na,na,na,na,na,na,na,na,na,na,na,na,na,na,na,na,na,na,na,na,na,na,na,na,na,na,na,na,na,na,na,na
      Fruit & Vegetable Juices,100,95.385,89.052,86.984,85.282,80.829,80.363,78.633,78.32,77.512,na,na,na,na,na,na,na,na,na,na,na,na,na,na,na,na,na,na,na,na,na,na,na,na,na,na,na,na,na,na,na,na,na,na,na,na,na,na,na,na,na,na,na,na,na,na,na,na,na,na,na,na,na,na
      Coffee & Coffee Substitutes,100,96.866,92.581,89.498,87.398,86.63,85.771,83.896,83.983,83.727,na,na,na,na,na,na,na,na,na,na,na,na,na,na,na,na,na,na,na,na,na,na,na,na,na,na,na,na,na,na,na,na,na,na,na,na,na,na,na,na,na,na,na,na,na,na,na,na,na,na,na,na,na,na
      Tea,100,96.678,92.275,88.91,87.332,84.858,83.554,82.768,83.788,83.085,na,na,na,na,na,na,na,na,na,na,na,na,na,na,na,na,na,na,na,na,na,na,na,na,na,na,na,na,na,na,na,na,na,na,na,na,na,na,na,na,na,na,na,na,na,na,na,na,na,na,na,na,na,na
      Cocoa & Malt-Based Drinks,100,96.6,87.673,82.44,82.374,81.494,80.8,80.745,78.246,78.517,na,na,na,na,na,na,na,na,na,na,na,na,na,na,na,na,na,na,na,na,na,na,na,na,na,na,na,na,na,na,na,na,na,na,na,na,na,na,na,na,na,na,na,na,na,na,na,na,na,na,na,na,na,na
      Water,100,103.508,96.944,95.588,92.53,81.779,81.087,80.586,81.258,80.253,na,na,na,na,na,na,na,na,na,na,na,na,na,na,na,na,na,na,na,na,na,na,na,na,na,na,na,na,na,na,na,na,na,na,na,na,na,na,na,na,na,na,na,na,na,na,na,na,na,na,na,na,na,na
      Soft Drinks,100,98.368,92.293,86.082,85.037,80.481,77.757,77.545,76.22,76.96,na,na,na,na,na,na,na,na,na,na,na,na,na,na,na,na,na,na,na,na,na,na,na,na,na,na,na,na,na,na,na,na,na,na,na,na,na,na,na,na,na,na,na,na,na,na,na,na,na,na,na,na,na,na
      Non-Alcoholic Beverages Nec,100,101.83,100.568,92.099,93.915,86.383,84.09,83.749,83.259,84.183,na,na,na,na,na,na,na,na,na,na,na,na,na,na,na,na,na,na,na,na,na,na,na,na,na,na,na,na,na,na,na,na,na,na,na,na,na,na,na,na,na,na,na,na,na,na,na,na,na,na,na,na,na,na
  Clothing & Footwear,100,100.576,98.194,95.449,100.624,104.343,105.145,103.649,103.02,102.795,102.729,103.541,103.193,101.655,101.483,100.888,100.011,98.543,97.884,97.157,97.02,96.848,96.316,95.88,95.528,96.414,98.339,99.699,98.83,98.282,96.876,94.712,93.459,91.245,89.665,88.897,87.293,84.414,84.093,86.062,88.296,88.657,88.706,88.327,86.761,85.165,82.26,80.729,79.552,79.009,80.063,72.708,62.41,61.289,59.67,59.364,58.122,57.795,57.681,56.717,56.021,55.7,55.882,56.151
    Clothing,100,100.445,99.128,96.184,101.351,104.867,106.04,104.891,104.59,103.677,104.021,105.221,104.866,103.26,102.934,102.226,100.474,98.968,98.678,97.492,na,na,na,na,na,na,na,na,na,na,na,na,na,na,na,na,na,na,na,na,na,na,na,na,na,na,na,na,na,na,na,na,na,na,na,na,na,na,na,na,na,na,na,na
      Garments,100,100.635,99.847,96.905,102.289,106.028,107.26,106.084,105.845,104.871,na,na,na,na,na,na,na,na,na,na,na,na,na,na,na,na,na,na,na,na,na,na,na,na,na,na,na,na,na,na,na,na,na,na,na,na,na,na,na,na,na,na,na,na,na,na,na,na,na,na,na,na,na,na
      Other Articles Of Clothing & Clothing Accessories,100,na,na,na,na,na,na,na,na,na,na,na,na,na,na,na,na,na,na,na,na,na,na,na,na,na,na,na,na,na,na,na,na,na,na,na,na,na,na,na,na,na,na,na,na,na,na,na,na,na,na,na,na,na,na,na,na,na,na,na,na,na,na,na
"      Cleaning, Repair, Tailoring & Rental Of Clothing",100,na,na,na,na,na,na,na,na,na,na,na,na,na,na,na,na,na,na,na,na,na,na,na,na,na,na,na,na,na,na,na,na,na,na,na,na,na,na,na,na,na,na,na,na,na,na,na,na,na,na,na,na,na,na,na,na,na,na,na,na,na,na,na
    Footwear,100,101.002,95.162,93.061,98.261,102.638,102.172,99.484,97.736,99.863,98.397,97.791,97.471,96.174,96.563,96.377,98.691,97.356,95.322,96.301,na,na,na,na,na,na,na,na,na,na,na,na,na,na,na,na,na,na,na,na,na,na,na,na,na,na,na,na,na,na,na,na,na,na,na,na,na,na,na,na,na,na,na,na
  Housing & Utilities,100,96.835,92.829,88.2,86.991,87.242,88.115,89.309,91.63,95.522,99.025,98.913,96.179,88.72,81.4,79.619,78.073,67.901,67.744,65.59,64.772,64.837,65.056,66.517,65.26,63.477,64.291,62.676,60.897,60.338,59.755,58.945,56.865,55.439,54.195,50.54,49.656,49.66,50.431,51.607,49.862,48.174,47.771,46.068,43.77,38.515,36.65,36.66,36.252,33.967,31.731,27.799,26.87,26.453,25.873,25.684,25.123,24.823,24.215,24.354,23.912,23.481,23.431,23.29
    Accommodation,100,97.099,92.891,89.114,87.847,87.506,88.336,91.129,94.921,98.368,101.005,100.654,96.728,88.817,81.2,80.468,76.363,66.887,65.829,65.358,na,na,na,na,na,na,na,na,na,na,na,na,na,na,na,na,na,na,na,na,na,na,na,na,na,na,na,na,na,na,na,na,na,na,na,na,na,na,na,na,na,na,na,na
      Actual Rentals For Housing,100,97.244,93.309,89.952,88.884,88.882,89.693,92.338,96.012,99.552,na,na,na,na,na,na,na,na,na,na,na,na,na,na,na,na,na,na,na,na,na,na,na,na,na,na,na,na,na,na,na,na,na,na,na,na,na,na,na,na,na,na,na,na,na,na,na,na,na,na,na,na,na,na
      Imputed Rentals For Housing,100,97.09,92.729,88.637,87.233,86.836,87.903,91.25,95.705,99.755,na,na,na,na,na,na,na,na,na,na,na,na,na,na,na,na,na,na,na,na,na,na,na,na,na,na,na,na,na,na,na,na,na,na,na,na,na,na,na,na,na,na,na,na,na,na,na,na,na,na,na,na,na,na
      Housing Maintenance & Repairs,100,97.025,93.809,92.221,91.891,91.659,90.445,88.551,86.68,84.788,na,na,na,na,na,na,na,na,na,na,na,na,na,na,na,na,na,na,na,na,na,na,na,na,na,na,na,na,na,na,na,na,na,na,na,na,na,na,na,na,na,na,na,na,na,na,na,na,na,na,na,na,na,na
    Utilities & Other Fuels,100,94.866,92.361,81.379,80.604,85.275,86.394,78.258,71.991,78.455,86.993,88.11,91.557,86.566,80.908,73.762,85.413,72.482,73.788,66.678,na,na,na,na,na,na,na,na,na,na,na,na,na,na,na,na,na,na,na,na,na,na,na,na,na,na,na,na,na,na,na,na,na,na,na,na,na,na,na,na,na,na,na,na
      Water Supply,100,94.102,93.149,93.149,93.149,93.149,87.179,75.882,70.555,70.555,na,na,na,na,na,na,na,na,na,na,na,na,na,na,na,na,na,na,na,na,na,na,na,na,na,na,na,na,na,na,na,na,na,na,na,na,na,na,na,na,na,na,na,na,na,na,na,na,na,na,na,na,na,na
      Refuse Collection,100,97.146,96.245,82.452,82.452,82.452,82.452,82.452,74.802,74.802,na,na,na,na,na,na,na,na,na,na,na,na,na,na,na,na,na,na,na,na,na,na,na,na,na,na,na,na,na,na,na,na,na,na,na,na,na,na,na,na,na,na,na,na,na,na,na,na,na,na,na,na,na,na
      Electricity,100,95.041,90.993,74.812,74.32,81.868,86.714,78.54,71.867,82.636,na,na,na,na,na,na,na,na,na,na,na,na,na,na,na,na,na,na,na,na,na,na,na,na,na,na,na,na,na,na,na,na,na,na,na,na,na,na,na,na,na,na,na,na,na,na,na,na,na,na,na,na,na,na
      Gas,100,94.573,95.923,87.469,82.584,85.717,85.683,81.654,75.859,79.318,na,na,na,na,na,na,na,na,na,na,na,na,na,na,na,na,na,na,na,na,na,na,na,na,na,na,na,na,na,na,na,na,na,na,na,na,na,na,na,na,na,na,na,na,na,na,na,na,na,na,na,na,na,na
  Household Durables & Services,100,99.289,97.418,95.57,94.168,93.88,93.174,92.487,91.524,89.865,90.448,88.888,84.69,82.685,77.637,76.836,75.959,74.302,74.043,74.506,76.953,77.577,77.944,78.593,78.899,79.343,79.414,79.259,79.387,78.904,75.23,74.562,73.303,71.564,70.925,68.391,67.228,66.303,65.841,65.647,65.082,64.994,64.471,63.181,60.762,57.122,54.668,53.483,52.301,52.724,50.088,38.954,33.604,33.266,32.945,32.357,32.506,31.865,29.967,28.03,27.364,27.298,27.867,27.829
    Furniture & Furnishings,100,98.972,96.966,93.532,91.6,91.354,90.917,90.938,91.478,90.411,89.481,88.179,87.131,86.408,86.558,86.658,85.825,83.349,83.689,84.965,na,na,na,na,na,na,na,na,na,na,na,na,na,na,na,na,na,na,na,na,na,na,na,na,na,na,na,na,na,na,na,na,na,na,na,na,na,na,na,na,na,na,na,na
    Household Textiles,100,100.129,98.578,98.416,99.557,100.101,101.726,103.326,104.928,106.39,104.271,103.751,101.886,102.418,102.957,101.752,102.814,103.415,107.399,106.837,na,na,na,na,na,na,na,na,na,na,na,na,na,na,na,na,na,na,na,na,na,na,na,na,na,na,na,na,na,na,na,na,na,na,na,na,na,na,na,na,na,na,na,na
    Household Appliances,100,100.302,99.754,97.112,95.063,95.763,97.082,98.076,99.985,99.867,99.95,99.464,100.2,101.348,101.308,101.603,102.703,101.21,101.402,100.13,na,na,na,na,na,na,na,na,na,na,na,na,na,na,na,na,na,na,na,na,na,na,na,na,na,na,na,na,na,na,na,na,na,na,na,na,na,na,na,na,na,na,na,na
      Major Household Appliances,100,na,na,na,na,na,na,na,na,na,na,na,na,na,na,na,na,na,na,na,na,na,na,na,na,na,na,na,na,na,na,na,na,na,na,na,na,na,na,na,na,na,na,na,na,na,na,na,na,na,na,na,na,na,na,na,na,na,na,na,na,na,na,na
      Small Household Appliances,100,na,na,na,na,na,na,na,na,na,na,na,na,na,na,na,na,na,na,na,na,na,na,na,na,na,na,na,na,na,na,na,na,na,na,na,na,na,na,na,na,na,na,na,na,na,na,na,na,na,na,na,na,na,na,na,na,na,na,na,na,na,na,na
      Repair & Installation Of Household Appliances,100,na,na,na,na,na,na,na,na,na,na,na,na,na,na,na,na,na,na,na,na,na,na,na,na,na,na,na,na,na,na,na,na,na,na,na,na,na,na,na,na,na,na,na,na,na,na,na,na,na,na,na,na,na,na,na,na,na,na,na,na,na,na,na
"    Glassware, Tableware & Household Utensils",100,100.358,98.808,96.794,98.143,96.737,97.198,96.786,97.02,97.47,98.047,97.532,98.198,95.413,93.317,93.68,93.657,84.046,82.599,83.229,na,na,na,na,na,na,na,na,na,na,na,na,na,na,na,na,na,na,na,na,na,na,na,na,na,na,na,na,na,na,na,na,na,na,na,na,na,na,na,na,na,na,na,na
    Tools & Equipment For House & Garden,100,98.802,92.052,87.71,87.256,85.511,84.137,82.601,81.876,82.223,83.84,85.75,85.81,84.83,83.899,83.483,82.746,86.087,85.059,85.638,na,na,na,na,na,na,na,na,na,na,na,na,na,na,na,na,na,na,na,na,na,na,na,na,na,na,na,na,na,na,na,na,na,na,na,na,na,na,na,na,na,na,na,na
    Household Services & Supplies,100,99.026,96.955,95.786,94.413,93.919,92.559,91.249,89.142,86.64,87.816,85.961,80.475,77.854,71.186,70.12,68.898,67.542,66.856,67.429,na,na,na,na,na,na,na,na,na,na,na,na,na,na,na,na,na,na,na,na,na,na,na,na,na,na,na,na,na,na,na,na,na,na,na,na,na,na,na,na,na,na,na,na
      Non-Durable Household Goods,100,98.726,93.78,91.2,91.915,90.832,91.277,91.181,91.714,92.163,na,na,na,na,na,na,na,na,na,na,na,na,na,na,na,na,na,na,na,na,na,na,na,na,na,na,na,na,na,na,na,na,na,na,na,na,na,na,na,na,na,na,na,na,na,na,na,na,na,na,na,na,na,na
      Domestic Services & Household Services,100,99.166,97.614,96.66,94.964,94.556,92.907,91.4,88.867,85.888,na,na,na,na,na,na,na,na,na,na,na,na,na,na,na,na,na,na,na,na,na,na,na,na,na,na,na,na,na,na,na,na,na,na,na,na,na,na,na,na,na,na,na,na,na,na,na,na,na,na,na,na,na,na
      Other Insurance Nec,100,na,na,na,na,na,na,na,na,na,na,na,na,na,na,na,na,na,na,na,na,na,na,na,na,na,na,na,na,na,na,na,na,na,na,na,na,na,na,na,na,na,na,na,na,na,na,na,na,na,na,na,na,na,na,na,na,na,na,na,na,na,na,na
  Health,100,96.238,92.083,90.108,89.099,90.49,89.436,87.628,85.46,84.575,84.722,82.374,79.281,75.868,74.092,72.752,71.445,67.722,65.109,64.536,64.192,60.662,59.517,57.836,56.187,55.582,55.436,53.389,51.653,50.627,49.901,48.462,46.841,45.703,42.068,39.945,38.874,38.06,37.53,37.636,37.102,33.038,30.49,28.924,27.236,25.401,24.514,23.523,23.152,22.545,21.166,18.035,17.537,17.754,17.787,17.787,16.418,16.178,16.178,16.178,16.178,16.178,16.185,16.178
    Medicines & Health Products,100,98.464,97.089,95.82,95.84,97.22,98.043,98.009,98.248,98.625,98.116,97.151,94.77,92.066,89.621,88.416,88.324,83.576,80.317,78.832,na,na,na,na,na,na,na,na,na,na,na,na,na,na,na,na,na,na,na,na,na,na,na,na,na,na,na,na,na,na,na,na,na,na,na,na,na,na,na,na,na,na,na,na
      Medicines & Health Supplements,100,98.104,96.384,94.941,94.605,96.387,97.499,97.269,97.435,97.638,na,na,na,na,na,na,na,na,na,na,na,na,na,na,na,na,na,na,na,na,na,na,na,na,na,na,na,na,na,na,na,na,na,na,na,na,na,na,na,na,na,na,na,na,na,na,na,na,na,na,na,na,na,na
      Medical Products,100,na,na,na,na,na,na,na,na,na,na,na,na,na,na,na,na,na,na,na,na,na,na,na,na,na,na,na,na,na,na,na,na,na,na,na,na,na,na,na,na,na,na,na,na,na,na,na,na,na,na,na,na,na,na,na,na,na,na,na,na,na,na,na
      Assistive Products,100,na,na,na,na,na,na,na,na,na,na,na,na,na,na,na,na,na,na,na,na,na,na,na,na,na,na,na,na,na,na,na,na,na,na,na,na,na,na,na,na,na,na,na,na,na,na,na,na,na,na,na,na,na,na,na,na,na,na,na,na,na,na,na
    Outpatient Care Services,100,96.118,90.82,88.299,88.078,91.749,90.485,89.029,86.956,84.629,88.495,86.787,83.915,79.853,78.144,76.092,73.99,70.071,67.328,66.86,na,na,na,na,na,na,na,na,na,na,na,na,na,na,na,na,na,na,na,na,na,na,na,na,na,na,na,na,na,na,na,na,na,na,na,na,na,na,na,na,na,na,na,na
      Fees At Polyclinics,100,92.525,81.258,76.259,76.637,86.053,86.209,85.653,84.004,82.469,na,na,na,na,na,na,na,na,na,na,na,na,na,na,na,na,na,na,na,na,na,na,na,na,na,na,na,na,na,na,na,na,na,na,na,na,na,na,na,na,na,na,na,na,na,na,na,na,na,na,na,na,na,na
      Fees At General Practitioners (GP) Clinics,100,95.989,80.501,71.256,75.391,97.206,96.371,94.45,92.331,90.45,na,na,na,na,na,na,na,na,na,na,na,na,na,na,na,na,na,na,na,na,na,na,na,na,na,na,na,na,na,na,na,na,na,na,na,na,na,na,na,na,na,na,na,na,na,na,na,na,na,na,na,na,na,na
      Fees At Specialist Outpatient Clinics,100,96.728,94.125,93.406,92.902,93.054,90.943,89.194,87.241,84.744,na,na,na,na,na,na,na,na,na,na,na,na,na,na,na,na,na,na,na,na,na,na,na,na,na,na,na,na,na,na,na,na,na,na,na,na,na,na,na,na,na,na,na,na,na,na,na,na,na,na,na,na,na,na
      Outpatient Dental Services,100,96.264,90.379,87.222,85.268,89.577,89.573,88.269,87.037,85.742,na,na,na,na,na,na,na,na,na,na,na,na,na,na,na,na,na,na,na,na,na,na,na,na,na,na,na,na,na,na,na,na,na,na,na,na,na,na,na,na,na,na,na,na,na,na,na,na,na,na,na,na,na,na
      Outpatient Care Services Nec,100,95.32,90.895,88.035,87.532,86.821,85.664,85.477,81.795,77.651,na,na,na,na,na,na,na,na,na,na,na,na,na,na,na,na,na,na,na,na,na,na,na,na,na,na,na,na,na,na,na,na,na,na,na,na,na,na,na,na,na,na,na,na,na,na,na,na,na,na,na,na,na,na
    Inpatient Care Services,100,95.402,91.294,89.621,88.305,87.013,85.18,81.966,78.436,78.385,76.037,72.112,68.947,64.508,62.599,61.395,60.223,56.395,53.439,53.069,na,na,na,na,na,na,na,na,na,na,na,na,na,na,na,na,na,na,na,na,na,na,na,na,na,na,na,na,na,na,na,na,na,na,na,na,na,na,na,na,na,na,na,na
    Other Health Services,100,96.819,90.304,88.492,87.502,86.412,84.134,82.374,80.397,76.114,75.351,72.951,71.554,67.784,65.159,64.563,63.162,59.208,57.308,56.586,na,na,na,na,na,na,na,na,na,na,na,na,na,na,na,na,na,na,na,na,na,na,na,na,na,na,na,na,na,na,na,na,na,na,na,na,na,na,na,na,na,na,na,na
      Diagnostic Imaging Services & Medical Laboratory Services,100,na,na,na,na,na,na,na,na,na,na,na,na,na,na,na,na,na,na,na,na,na,na,na,na,na,na,na,na,na,na,na,na,na,na,na,na,na,na,na,na,na,na,na,na,na,na,na,na,na,na,na,na,na,na,na,na,na,na,na,na,na,na,na
      Patient Emergency Transportation Services & Emergency Rescue,100,na,na,na,na,na,na,na,na,na,na,na,na,na,na,na,na,na,na,na,na,na,na,na,na,na,na,na,na,na,na,na,na,na,na,na,na,na,na,na,na,na,na,na,na,na,na,na,na,na,na,na,na,na,na,na,na,na,na,na,na,na,na,na
    Health Insurance,100,95.164,91.845,90.092,85.888,85.88,85.832,85.457,84.094,83.662,83.703,81.66,76.451,76.422,75.996,75.709,74.616,74.396,74.662,74.662,na,na,na,na,na,na,na,na,na,na,na,na,na,na,na,na,na,na,na,na,na,na,na,na,na,na,na,na,na,na,na,na,na,na,na,na,na,na,na,na,na,na,na,na
  Transport,100,99.157,93.258,80.116,73.619,74.156,73.582,73.964,72.094,73.861,74.93,75.852,74.149,69.256,61.901,56.136,57.927,55.623,54.234,55.126,56.526,55.708,55.814,56.456,57.073,55.118,55.302,58.259,55.712,55.426,54.836,50.964,49.481,47.964,44.581,41.141,39.099,38.703,38.258,39.73,37.708,36.14,35.726,34.772,31.269,27.372,24.91,23.662,23.522,22.554,21.641,15.44,15.376,15.371,15.374,15.391,15.359,15.359,15.345,15.342,15.237,15.165,15.153,15.163
    Private Transport,100,99.989,92.47,77.598,69.651,70.611,70.374,70.792,67.915,70.044,71.6,73.051,71.111,66.046,57.459,50.559,52.378,50.679,49.698,51.571,na,na,na,na,na,na,na,na,na,na,na,na,na,na,na,na,na,na,na,na,na,na,na,na,na,na,na,na,na,na,na,na,na,na,na,na,na,na,na,na,na,na,na,na
      Motor Cars,100,101.05,90.52,72.753,63.622,62.993,62.457,65.718,65.725,69.174,na,na,na,na,na,na,na,na,na,na,na,na,na,na,na,na,na,na,na,na,na,na,na,na,na,na,na,na,na,na,na,na,na,na,na,na,na,na,na,na,na,na,na,na,na,na,na,na,na,na,na,na,na,na
      Motorcycles,100,107.5,107.29,94.39,78.998,65.866,80.611,81.524,81.572,78.869,na,na,na,na,na,na,na,na,na,na,na,na,na,na,na,na,na,na,na,na,na,na,na,na,na,na,na,na,na,na,na,na,na,na,na,na,na,na,na,na,na,na,na,na,na,na,na,na,na,na,na,na,na,na
      Bicycles,100,na,na,na,na,na,na,na,na,na,na,na,na,na,na,na,na,na,na,na,na,na,na,na,na,na,na,na,na,na,na,na,na,na,na,na,na,na,na,na,na,na,na,na,na,na,na,na,na,na,na,na,na,na,na,na,na,na,na,na,na,na,na,na
      Parts & Accessories For Personal Transport Equipment,100,na,na,na,na,na,na,na,na,na,na,na,na,na,na,na,na,na,na,na,na,na,na,na,na,na,na,na,na,na,na,na,na,na,na,na,na,na,na,na,na,na,na,na,na,na,na,na,na,na,na,na,na,na,na,na,na,na,na,na,na,na,na,na
      Petrol,100,97.147,101.027,84.983,72.206,77.903,77.837,72.974,66.891,69.61,na,na,na,na,na,na,na,na,na,na,na,na,na,na,na,na,na,na,na,na,na,na,na,na,na,na,na,na,na,na,na,na,na,na,na,na,na,na,na,na,na,na,na,na,na,na,na,na,na,na,na,na,na,na
      Other Fuel & Lubricants For Personal Transport Equipment,100.004,97.541,103.559,77.977,69.354,73.387,70.634,65.479,58.535,61.708,na,na,na,na,na,na,na,na,na,na,na,na,na,na,na,na,na,na,na,na,na,na,na,na,na,na,na,na,na,na,na,na,na,na,na,na,na,na,na,na,na,na,na,na,na,na,na,na,na,na,na,na,na,na
      Maintenance & Repair Of Personal Transport Equipment,100,na,na,na,na,na,na,na,na,na,na,na,na,na,na,na,na,na,na,na,na,na,na,na,na,na,na,na,na,na,na,na,na,na,na,na,na,na,na,na,na,na,na,na,na,na,na,na,na,na,na,na,na,na,na,na,na,na,na,na,na,na,na,na
      Other Services In Respect Of Personal Transport Equipment,100,na,na,na,na,na,na,na,na,na,na,na,na,na,na,na,na,na,na,na,na,na,na,na,na,na,na,na,na,na,na,na,na,na,na,na,na,na,na,na,na,na,na,na,na,na,na,na,na,na,na,na,na,na,na,na,na,na,na,na,na,na,na,na
      Insurance Connected With Transport,100,na,na,na,na,na,na,na,na,na,na,na,na,na,na,na,na,na,na,na,na,na,na,na,na,na,na,na,na,na,na,na,na,na,na,na,na,na,na,na,na,na,na,na,na,na,na,na,na,na,na,na,na,na,na,na,na,na,na,na,na,na,na,na
    Land Transport Services,100,93.637,90.632,84.604,83.135,80.655,78.706,79.536,81.306,81.386,79.748,78.156,77.872,74.302,73.587,73.813,74.773,70.794,68.218,66.026,na,na,na,na,na,na,na,na,na,na,na,na,na,na,na,na,na,na,na,na,na,na,na,na,na,na,na,na,na,na,na,na,na,na,na,na,na,na,na,na,na,na,na,na
      Bus & Train Fares,100,93.592,90.823,88.887,88.858,83.075,79.573,81.302,84.834,85.614,na,na,na,na,na,na,na,na,na,na,na,na,na,na,na,na,na,na,na,na,na,na,na,na,na,na,na,na,na,na,na,na,na,na,na,na,na,na,na,na,na,na,na,na,na,na,na,na,na,na,na,na,na,na
      Point-To-Point Transport Services,100,93.267,90.307,79.081,75.58,76.31,76.31,76.31,76.31,76.058,na,na,na,na,na,na,na,na,na,na,na,na,na,na,na,na,na,na,na,na,na,na,na,na,na,na,na,na,na,na,na,na,na,na,na,na,na,na,na,na,na,na,na,na,na,na,na,na,na,na,na,na,na,na
      Commuting Fares,100,94.545,90.255,89.224,89.664,89.809,89.352,88.246,86.032,82.862,na,na,na,na,na,na,na,na,na,na,na,na,na,na,na,na,na,na,na,na,na,na,na,na,na,na,na,na,na,na,na,na,na,na,na,na,na,na,na,na,na,na,na,na,na,na,na,na,na,na,na,na,na,na
      Other Land Transport Services,100,na,na,na,na,na,na,na,na,na,na,na,na,na,na,na,na,na,na,na,na,na,na,na,na,na,na,na,na,na,na,na,na,na,na,na,na,na,na,na,na,na,na,na,na,na,na,na,na,na,na,na,na,na,na,na,na,na,na,na,na,na,na,na
    Other Transport Services,100,102.955,106.069,94.044,90.366,93.247,92.588,91.257,91.259,93.445,96.457,95.61,93.874,93.449,89.304,85.921,96.819,86.956,84.713,85.365,na,na,na,na,na,na,na,na,na,na,na,na,na,na,na,na,na,na,na,na,na,na,na,na,na,na,na,na,na,na,na,na,na,na,na,na,na,na,na,na,na,na,na,na
      Airfares,100,103.032,105.859,94.677,90.977,94.16,93.464,92.066,92.126,94.36,na,na,na,na,na,na,na,na,na,na,na,na,na,na,na,na,na,na,na,na,na,na,na,na,na,na,na,na,na,na,na,na,na,na,na,na,na,na,na,na,na,na,na,na,na,na,na,na,na,na,na,na,na,na
      Seafares,100,98.762,114.399,63.623,63.897,63.623,63.653,64.393,62.28,61.738,na,na,na,na,na,na,na,na,na,na,na,na,na,na,na,na,na,na,na,na,na,na,na,na,na,na,na,na,na,na,na,na,na,na,na,na,na,na,na,na,na,na,na,na,na,na,na,na,na,na,na,na,na,na
      Travel Insurance,100,na,na,na,na,na,na,na,na,na,na,na,na,na,na,na,na,na,na,na,na,na,na,na,na,na,na,na,na,na,na,na,na,na,na,na,na,na,na,na,na,na,na,na,na,na,na,na,na,na,na,na,na,na,na,na,na,na,na,na,na,na,na,na
    Transport Services Of Goods,100,93.724,89.859,87.812,91.88,90.932,89.597,87.282,87.282,86.674,83.862,81.771,76.769,68.756,66.404,66.464,69.643,67.941,61.015,60.237,na,na,na,na,na,na,na,na,na,na,na,na,na,na,na,na,na,na,na,na,na,na,na,na,na,na,na,na,na,na,na,na,na,na,na,na,na,na,na,na,na,na,na,na
  Information & Communication,100,99.253,96.625,97.442,98.113,97.791,99.163,100.009,99.83,100.183,99.88,99.564,100.058,100.413,107.702,110.463,111.196,111.576,111.897,114.123,115.537,116.258,116.076,117.482,120.966,125.067,129.007,132.88,135.626,139.154,144.366,142.975,143.679,145.303,140.6,141.351,139.282,139.139,138.635,143.064,153.524,150.402,155.736,164.943,167.644,169.233,168.773,166.048,166.169,165.722,163.407,156.611,153.546,153.546,153.546,153.546,153.546,153.546,153.546,153.546,153.546,153.546,153.546,153.546
    Information & Communication Equipment,100,99.643,100.122,97.839,99.865,102.819,109.97,112.336,114.198,115.187,116.2,116.443,118.921,123.945,129.737,135.108,142.632,153.172,165.886,182.159,na,na,na,na,na,na,na,na,na,na,na,na,na,na,na,na,na,na,na,na,na,na,na,na,na,na,na,na,na,na,na,na,na,na,na,na,na,na,na,na,na,na,na,na
      Mobile Telephone Equipment,100,na,na,na,na,na,na,na,na,na,na,na,na,na,na,na,na,na,na,na,na,na,na,na,na,na,na,na,na,na,na,na,na,na,na,na,na,na,na,na,na,na,na,na,na,na,na,na,na,na,na,na,na,na,na,na,na,na,na,na,na,na,na,na
      Information Processing Equipment,100,96.667,97.401,98.802,101.695,103.074,103.767,103.903,104.584,105.489,na,na,na,na,na,na,na,na,na,na,na,na,na,na,na,na,na,na,na,na,na,na,na,na,na,na,na,na,na,na,na,na,na,na,na,na,na,na,na,na,na,na,na,na,na,na,na,na,na,na,na,na,na,na
"      Equipment For The Reception, Recording & Reproduction Of Sound & Vision",100,na,na,na,na,na,na,na,na,na,na,na,na,na,na,na,na,na,na,na,na,na,na,na,na,na,na,na,na,na,na,na,na,na,na,na,na,na,na,na,na,na,na,na,na,na,na,na,na,na,na,na,na,na,na,na,na,na,na,na,na,na,na,na
      Unrecorded Recording Media,100,85.144,86.611,84.15,94.607,89.608,114.852,118.282,116.732,118.081,na,na,na,na,na,na,na,na,na,na,na,na,na,na,na,na,na,na,na,na,na,na,na,na,na,na,na,na,na,na,na,na,na,na,na,na,na,na,na,na,na,na,na,na,na,na,na,na,na,na,na,na,na,na
      Information & Communication Equipment & Accessories Nec,100,na,na,na,na,na,na,na,na,na,na,na,na,na,na,na,na,na,na,na,na,na,na,na,na,na,na,na,na,na,na,na,na,na,na,na,na,na,na,na,na,na,na,na,na,na,na,na,na,na,na,na,na,na,na,na,na,na,na,na,na,na,na,na
    Software Excl Games,100,103.031,103.031,103.031,103.031,103.031,101.206,101.012,101.012,101.012,101.012,101.012,101.012,101.012,103.448,110.754,110.366,111.187,114.005,122.53,na,na,na,na,na,na,na,na,na,na,na,na,na,na,na,na,na,na,na,na,na,na,na,na,na,na,na,na,na,na,na,na,na,na,na,na,na,na,na,na,na,na,na,na
    Information & Communication Services,100,99.169,95.987,97.35,97.786,96.889,97.356,97.964,97.462,97.715,97.203,96.806,97.007,96.674,104.168,106.534,106.264,105.197,103.752,103.957,na,na,na,na,na,na,na,na,na,na,na,na,na,na,na,na,na,na,na,na,na,na,na,na,na,na,na,na,na,na,na,na,na,na,na,na,na,na,na,na,na,na,na,na
      Fixed Communication Services,100,na,na,na,na,na,na,na,na,na,na,na,na,na,na,na,na,na,na,na,na,na,na,na,na,na,na,na,na,na,na,na,na,na,na,na,na,na,na,na,na,na,na,na,na,na,na,na,na,na,na,na,na,na,na,na,na,na,na,na,na,na,na,na
      Mobile Communication Services,100,na,na,na,na,na,na,na,na,na,na,na,na,na,na,na,na,na,na,na,na,na,na,na,na,na,na,na,na,na,na,na,na,na,na,na,na,na,na,na,na,na,na,na,na,na,na,na,na,na,na,na,na,na,na,na,na,na,na,na,na,na,na,na
"      Internet, Bundled & Other Telecommunication Services",100,na,na,na,na,na,na,na,na,na,na,na,na,na,na,na,na,na,na,na,na,na,na,na,na,na,na,na,na,na,na,na,na,na,na,na,na,na,na,na,na,na,na,na,na,na,na,na,na,na,na,na,na,na,na,na,na,na,na,na,na,na,na,na
      Information & Communication Services Nec,100.001,98.412,94.97,93.023,96.311,94.097,95.032,93.969,95.067,92.567,na,na,na,na,na,na,na,na,na,na,na,na,na,na,na,na,na,na,na,na,na,na,na,na,na,na,na,na,na,na,na,na,na,na,na,na,na,na,na,na,na,na,na,na,na,na,na,na,na,na,na,na,na,na
"  Recreation, Sport & Culture",100,96.296,90.266,86.299,85.224,86.802,85.415,84.277,83.843,82.995,82.734,81.316,80.629,79.497,77.142,75.57,76.315,72.773,69.67,69.499,68.258,66.852,67.97,67.441,64.794,63.507,63.201,65.881,66.398,64.697,63.111,62.413,61.012,58.991,57.01,55.38,53.506,51.519,50.808,49.723,49.193,49.258,48.144,45.923,40.512,38.618,36.058,32.609,32.599,32.572,32.415,29.679,29.299,29.166,28.284,28.284,28.284,28.284,28.284,28.284,28.284,28.252,28.284,28.284
    Recreation & Cultural Goods,100.001,100.074,98.965,97.097,96.286,96.102,97.451,97.302,100.229,98.255,99.312,96.937,98.905,101.575,105.107,105.397,106.164,107.811,107.788,107.37,na,na,na,na,na,na,na,na,na,na,na,na,na,na,na,na,na,na,na,na,na,na,na,na,na,na,na,na,na,na,na,na,na,na,na,na,na,na,na,na,na,na,na,na
    Other Recreational Goods,100,101.562,101.131,100.184,101.701,101.525,99.978,101.57,101.676,102.5,102.045,102.247,102.118,102.87,103.218,105.714,107.133,106.333,104.916,105.468,na,na,na,na,na,na,na,na,na,na,na,na,na,na,na,na,na,na,na,na,na,na,na,na,na,na,na,na,na,na,na,na,na,na,na,na,na,na,na,na,na,na,na,na
"      Games, Toys & Hobbies",100,101.456,100.748,100.721,102.693,101.626,99.315,101.433,101.54,102.568,na,na,na,na,na,na,na,na,na,na,na,na,na,na,na,na,na,na,na,na,na,na,na,na,na,na,na,na,na,na,na,na,na,na,na,na,na,na,na,na,na,na,na,na,na,na,na,na,na,na,na,na,na,na
"      Equipment For Sport, Camping & Open-Air Recreation",100,na,na,na,na,na,na,na,na,na,na,na,na,na,na,na,na,na,na,na,na,na,na,na,na,na,na,na,na,na,na,na,na,na,na,na,na,na,na,na,na,na,na,na,na,na,na,na,na,na,na,na,na,na,na,na,na,na,na,na,na,na,na,na
    Garden Products & Pets,100,98.925,92.249,88.632,87.602,86.673,86.001,84.8,83.702,83.345,82.622,81.23,80.231,78.995,77.789,77.858,77.332,74.069,72.825,70.709,na,na,na,na,na,na,na,na,na,na,na,na,na,na,na,na,na,na,na,na,na,na,na,na,na,na,na,na,na,na,na,na,na,na,na,na,na,na,na,na,na,na,na,na
"      Garden Products, Plants & Flowers",100,na,na,na,na,na,na,na,na,na,na,na,na,na,na,na,na,na,na,na,na,na,na,na,na,na,na,na,na,na,na,na,na,na,na,na,na,na,na,na,na,na,na,na,na,na,na,na,na,na,na,na,na,na,na,na,na,na,na,na,na,na,na,na
      Pets & Products For Pets,100,100.581,92.82,89.964,89.707,89.428,89.292,88.051,86.441,86.604,na,na,na,na,na,na,na,na,na,na,na,na,na,na,na,na,na,na,na,na,na,na,na,na,na,na,na,na,na,na,na,na,na,na,na,na,na,na,na,na,na,na,na,na,na,na,na,na,na,na,na,na,na,na
    Recreational Services,100,92.543,88.091,84.126,82.365,82.649,81.186,80.849,79.674,78.111,77.615,77.064,74.831,72.471,71.071,70.684,69.92,67.768,66.792,65.932,na,na,na,na,na,na,na,na,na,na,na,na,na,na,na,na,na,na,na,na,na,na,na,na,na,na,na,na,na,na,na,na,na,na,na,na,na,na,na,na,na,na,na,na
      Other Recreational Services,100.001,na,na,na,na,na,na,na,na,na,na,na,na,na,na,na,na,na,na,na,na,na,na,na,na,na,na,na,na,na,na,na,na,na,na,na,na,na,na,na,na,na,na,na,na,na,na,na,na,na,na,na,na,na,na,na,na,na,na,na,na,na,na,na
      Veterinary & Other Services For Pets,100,na,na,na,na,na,na,na,na,na,na,na,na,na,na,na,na,na,na,na,na,na,na,na,na,na,na,na,na,na,na,na,na,na,na,na,na,na,na,na,na,na,na,na,na,na,na,na,na,na,na,na,na,na,na,na,na,na,na,na,na,na,na,na
      Recreational & Sporting Services,100,92.376,88.03,84.082,82.394,83.029,81.575,81.321,80.079,78.508,na,na,na,na,na,na,na,na,na,na,na,na,na,na,na,na,na,na,na,na,na,na,na,na,na,na,na,na,na,na,na,na,na,na,na,na,na,na,na,na,na,na,na,na,na,na,na,na,na,na,na,na,na,na
    Cultural Services,100,97.564,92.8,89.094,88.046,88.201,86.844,85.326,84.992,86.25,86.425,83.751,82.215,79.028,75.549,74.512,73.942,71.336,71.404,70.013,na,na,na,na,na,na,na,na,na,na,na,na,na,na,na,na,na,na,na,na,na,na,na,na,na,na,na,na,na,na,na,na,na,na,na,na,na,na,na,na,na,na,na,na
"      Services Provided By Cinemas, Theatres & Concert Venues",100,na,na,na,na,na,na,na,na,na,na,na,na,na,na,na,na,na,na,na,na,na,na,na,na,na,na,na,na,na,na,na,na,na,na,na,na,na,na,na,na,na,na,na,na,na,na,na,na,na,na,na,na,na,na,na,na,na,na,na,na,na,na,na
      Services Provided By Museums & Cultural Sites,100,na,na,na,na,na,na,na,na,na,na,na,na,na,na,na,na,na,na,na,na,na,na,na,na,na,na,na,na,na,na,na,na,na,na,na,na,na,na,na,na,na,na,na,na,na,na,na,na,na,na,na,na,na,na,na,na,na,na,na,na,na,na,na
      Photographic Services,100,na,na,na,na,na,na,na,na,na,na,na,na,na,na,na,na,na,na,na,na,na,na,na,na,na,na,na,na,na,na,na,na,na,na,na,na,na,na,na,na,na,na,na,na,na,na,na,na,na,na,na,na,na,na,na,na,na,na,na,na,na,na,na
      Cultural Services Nec,100,na,na,na,na,na,na,na,na,na,na,na,na,na,na,na,na,na,na,na,na,na,na,na,na,na,na,na,na,na,na,na,na,na,na,na,na,na,na,na,na,na,na,na,na,na,na,na,na,na,na,na,na,na,na,na,na,na,na,na,na,na,na,na
"    Newspapers, Books & Stationery",100,99.325,97.992,97.154,96.886,96.419,96.227,96.206,95.287,90.305,88.878,88.636,88.48,88.245,87.95,87.476,84.006,81.727,81.172,80.475,na,na,na,na,na,na,na,na,na,na,na,na,na,na,na,na,na,na,na,na,na,na,na,na,na,na,na,na,na,na,na,na,na,na,na,na,na,na,na,na,na,na,na,na
"      Books, Excl School Textbooks & Study Guides",100,na,na,na,na,na,na,na,na,na,na,na,na,na,na,na,na,na,na,na,na,na,na,na,na,na,na,na,na,na,na,na,na,na,na,na,na,na,na,na,na,na,na,na,na,na,na,na,na,na,na,na,na,na,na,na,na,na,na,na,na,na,na,na
      Newspapers & Others,100,99.999,99.085,98.79,98.79,98.79,98.717,98.868,97.323,87.41,na,na,na,na,na,na,na,na,na,na,na,na,na,na,na,na,na,na,na,na,na,na,na,na,na,na,na,na,na,na,na,na,na,na,na,na,na,na,na,na,na,na,na,na,na,na,na,na,na,na,na,na,na,na
      Stationery & Drawing Materials,100,na,na,na,na,na,na,na,na,na,na,na,na,na,na,na,na,na,na,na,na,na,na,na,na,na,na,na,na,na,na,na,na,na,na,na,na,na,na,na,na,na,na,na,na,na,na,na,na,na,na,na,na,na,na,na,na,na,na,na,na,na,na,na
    Holiday Expenses,100,96.221,88.846,84.369,83.222,85.771,84.121,82.45,82.132,81.152,80.959,79.347,78.942,78.074,74.922,72.362,74.428,69.622,64.565,64.939,na,na,na,na,na,na,na,na,na,na,na,na,na,na,na,na,na,na,na,na,na,na,na,na,na,na,na,na,na,na,na,na,na,na,na,na,na,na,na,na,na,na,na,na
      Hotels,100,na,na,na,na,na,na,na,na,na,na,na,na,na,na,na,na,na,na,na,na,na,na,na,na,na,na,na,na,na,na,na,na,na,na,na,na,na,na,na,na,na,na,na,na,na,na,na,na,na,na,na,na,na,na,na,na,na,na,na,na,na,na,na
      Chalets,100,na,na,na,na,na,na,na,na,na,na,na,na,na,na,na,na,na,na,na,na,na,na,na,na,na,na,na,na,na,na,na,na,na,na,na,na,na,na,na,na,na,na,na,na,na,na,na,na,na,na,na,na,na,na,na,na,na,na,na,na,na,na,na
      Package Holidays,100,96.321,90.082,84.126,83.007,84.106,82.164,80.755,81.041,80.466,na,na,na,na,na,na,na,na,na,na,na,na,na,na,na,na,na,na,na,na,na,na,na,na,na,na,na,na,na,na,na,na,na,na,na,na,na,na,na,na,na,na,na,na,na,na,na,na,na,na,na,na,na,na
  Education,100,96.907,94.32,92.344,91.176,91.714,89.633,87.154,84.617,82.093,79.396,76.797,73.944,71.073,68.626,66.41,65.871,62.918,61.237,59.372,57.532,55.515,53.719,52.505,50.54,49.244,47.243,45.023,43.806,41.913,40.292,39.04,37.474,35.22,31.82,29.426,27.955,26.174,25.435,23.787,23.054,21.897,21.235,20.856,19.587,18.07,17.315,16.439,16.13,15.992,15.668,14.958,14.532,14.476,14.65,14.353,14.057,14.28,14.54,14.093,14.427,14.273,13.826,13.774
"    General, Vocational & Higher Education",100,98.035,97.031,95.392,94.676,96.624,94.791,91.86,89.326,87.439,85.453,82.291,78.606,75.004,72.572,70.338,70.648,68.384,66.074,64.059,na,na,na,na,na,na,na,na,na,na,na,na,na,na,na,na,na,na,na,na,na,na,na,na,na,na,na,na,na,na,na,na,na,na,na,na,na,na,na,na,na,na,na,na
      Primary Education,100,99.856,100.602,100.602,100.602,100.602,100.602,100.602,100.602,101.608,na,na,na,na,na,na,na,na,na,na,na,na,na,na,na,na,na,na,na,na,na,na,na,na,na,na,na,na,na,na,na,na,na,na,na,na,na,na,na,na,na,na,na,na,na,na,na,na,na,na,na,na,na,na
      Secondary Education,100,99.957,101.116,101.103,101.07,100.679,100.903,101.172,98.9,99.526,na,na,na,na,na,na,na,na,na,na,na,na,na,na,na,na,na,na,na,na,na,na,na,na,na,na,na,na,na,na,na,na,na,na,na,na,na,na,na,na,na,na,na,na,na,na,na,na,na,na,na,na,na,na
      Post-Secondary (Non-Tertiary) Education,100,99.799,97.336,91.096,90.872,91.646,91.625,91.446,89.355,90.109,na,na,na,na,na,na,na,na,na,na,na,na,na,na,na,na,na,na,na,na,na,na,na,na,na,na,na,na,na,na,na,na,na,na,na,na,na,na,na,na,na,na,na,na,na,na,na,na,na,na,na,na,na,na
      Polytechnic Education,100,98.682,97.617,96.602,95.362,92.863,89.573,86.29,82.963,80.232,na,na,na,na,na,na,na,na,na,na,na,na,na,na,na,na,na,na,na,na,na,na,na,na,na,na,na,na,na,na,na,na,na,na,na,na,na,na,na,na,na,na,na,na,na,na,na,na,na,na,na,na,na,na
      Other Education,100,97.501,96.279,94.693,93.859,96.674,94.619,91.16,88.493,86.189,na,na,na,na,na,na,na,na,na,na,na,na,na,na,na,na,na,na,na,na,na,na,na,na,na,na,na,na,na,na,na,na,na,na,na,na,na,na,na,na,na,na,na,na,na,na,na,na,na,na,na,na,na,na
    Private Tuition & Other Educational Courses,100,94.585,88.795,86.087,83.967,81.702,79.206,77.404,74.857,71.351,67.552,65.752,63.986,62.094,59.803,57.623,55.952,51.898,51.459,49.922,na,na,na,na,na,na,na,na,na,na,na,na,na,na,na,na,na,na,na,na,na,na,na,na,na,na,na,na,na,na,na,na,na,na,na,na,na,na,na,na,na,na,na,na
    School Textbooks & Study Guides,100,98.47,96.452,96.094,96.168,95.796,96.219,96.215,95.783,95.042,94.524,92.893,92.427,91.439,87.486,85.88,84.395,81.038,77.484,74.88,na,na,na,na,na,na,na,na,na,na,na,na,na,na,na,na,na,na,na,na,na,na,na,na,na,na,na,na,na,na,na,na,na,na,na,na,na,na,na,na,na,na,na,na
  Miscellaneous Goods & Services,100,98.685,95.785,95.214,95.703,96.849,96.51,95.539,95.394,95.175,95.16,93.921,92.118,91.129,90.245,89.624,89.382,87.567,85.62,83.616,80.065,75.244,71.643,71.869,69.609,68.4,67.394,66.193,65.348,64.49,63.714,61.949,58.216,56.367,53.281,51.633,50.078,49.283,46.898,46.759,46.188,43.068,41.015,39.025,36.415,33.649,33.157,32.126,31.443,30.801,28.707,25.065,22.685,21.919,21.78,20.981,20.281,19.569,19.481,19.184,18.855,19.095,19.098,19.105
    Personal Care,100,98.707,95.547,93.94,95.299,95.362,94.766,94.866,95.808,95.822,96.114,96.255,95.012,94.679,93.701,93.07,92.711,90.774,89.287,88.885,na,na,na,na,na,na,na,na,na,na,na,na,na,na,na,na,na,na,na,na,na,na,na,na,na,na,na,na,na,na,na,na,na,na,na,na,na,na,na,na,na,na,na,na
      Hairdressing & Personal Grooming Services,100,97.183,93.487,92.593,92.457,92.116,91.46,91.556,91.043,90.674,na,na,na,na,na,na,na,na,na,na,na,na,na,na,na,na,na,na,na,na,na,na,na,na,na,na,na,na,na,na,na,na,na,na,na,na,na,na,na,na,na,na,na,na,na,na,na,na,na,na,na,na,na,na
      Electric Appliances For Personal Care,100,na,na,na,na,na,na,na,na,na,na,na,na,na,na,na,na,na,na,na,na,na,na,na,na,na,na,na,na,na,na,na,na,na,na,na,na,na,na,na,na,na,na,na,na,na,na,na,na,na,na,na,na,na,na,na,na,na,na,na,na,na,na,na
"      Other Appliances, Articles & Products For Personal Care",100,na,na,na,na,na,na,na,na,na,na,na,na,na,na,na,na,na,na,na,na,na,na,na,na,na,na,na,na,na,na,na,na,na,na,na,na,na,na,na,na,na,na,na,na,na,na,na,na,na,na,na,na,na,na,na,na,na,na,na,na,na,na,na
    Alcoholic Beverages & Tobacco,100,97.447,88.561,87.489,87.558,88.42,88.04,83.823,83.582,83.421,82.583,77.952,77.573,77.068,76.311,75.961,75.528,73.982,72.293,70.24,na,na,na,na,na,na,na,na,na,na,na,na,na,na,na,na,na,na,na,na,na,na,na,na,na,na,na,na,na,na,na,na,na,na,na,na,na,na,na,na,na,na,na,na
      Alcoholic Beverages,100,101.066,97.147,96.196,96.464,99.543,101.099,103.379,104.171,104.708,na,na,na,na,na,na,na,na,na,na,na,na,na,na,na,na,na,na,na,na,na,na,na,na,na,na,na,na,na,na,na,na,na,na,na,na,na,na,na,na,na,na,na,na,na,na,na,na,na,na,na,na,na,na
      Tobacco,100,96.206,85.616,84.503,84.503,84.605,83.712,77.8,77.284,76.94,na,na,na,na,na,na,na,na,na,na,na,na,na,na,na,na,na,na,na,na,na,na,na,na,na,na,na,na,na,na,na,na,na,na,na,na,na,na,na,na,na,na,na,na,na,na,na,na,na,na,na,na,na,na
    Other Personal Effects,100,99.788,99.69,98.275,96.601,101.72,102.09,102.301,99.951,98.574,99.6,99.214,99.252,99.259,99.155,98.088,98.732,96.83,94.528,92.001,na,na,na,na,na,na,na,na,na,na,na,na,na,na,na,na,na,na,na,na,na,na,na,na,na,na,na,na,na,na,na,na,na,na,na,na,na,na,na,na,na,na,na,na
      Jewellery & Watches,100,99.228,97.173,100.509,101.517,103.403,103.565,105.517,105.199,105.449,na,na,na,na,na,na,na,na,na,na,na,na,na,na,na,na,na,na,na,na,na,na,na,na,na,na,na,na,na,na,na,na,na,na,na,na,na,na,na,na,na,na,na,na,na,na,na,na,na,na,na,na,na,na
      Devotional Articles & Articles For Religious & Ritual Celebrations,100,na,na,na,na,na,na,na,na,na,na,na,na,na,na,na,na,na,na,na,na,na,na,na,na,na,na,na,na,na,na,na,na,na,na,na,na,na,na,na,na,na,na,na,na,na,na,na,na,na,na,na,na,na,na,na,na,na,na,na,na,na,na,na
      Other Personal Effects Nec,100,na,na,na,na,na,na,na,na,na,na,na,na,na,na,na,na,na,na,na,na,na,na,na,na,na,na,na,na,na,na,na,na,na,na,na,na,na,na,na,na,na,na,na,na,na,na,na,na,na,na,na,na,na,na,na,na,na,na,na,na,na,na,na
    Social Services,100,99.301,100.481,100.85,102.721,105.814,105.574,103.691,103.561,103.12,100.395,98.051,95.915,95.915,95.624,94.75,93.831,91.388,88.944,88.944,na,na,na,na,na,na,na,na,na,na,na,na,na,na,na,na,na,na,na,na,na,na,na,na,na,na,na,na,na,na,na,na,na,na,na,na,na,na,na,na,na,na,na,na
    Other Miscellaneous Services,100,98.605,99.246,103.647,103.667,103.627,103.694,103.66,101.496,101.574,101.238,100.759,88.949,81.392,79.393,78.974,78.385,77.113,71.91,60.419,na,na,na,na,na,na,na,na,na,na,na,na,na,na,na,na,na,na,na,na,na,na,na,na,na,na,na,na,na,na,na,na,na,na,na,na,na,na,na,na,na,na,na,na
  Food & Beverage Serving Services,100,96.508,90.927,86.322,85.146,83.997,82.562,81.332,80.154,78.64,76.855,74.691,73.224,71.597,69.687,69.164,67.743,63.812,62.463,61.674,61.236,60.629,60.263,59.701,58.971,58.663,58.342,57.514,56.56,55.152,53.513,51.474,50.467,49.788,48.799,na,na,na,na,na,na,na,na,na,na,na,na,na,na,na,na,na,na,na,na,na,na,na,na,na,na,na,na,na
"    Restaurants, Cafes & Pubs",100,96.328,90.921,86.589,85.578,84.301,82.811,81.432,80.502,78.68,76.236,74.336,72.44,70.045,67.978,67.215,66.42,62.783,60.597,59.624,na,na,na,na,na,na,na,na,na,na,na,na,na,na,na,na,na,na,na,na,na,na,na,na,na,na,na,na,na,na,na,na,na,na,na,na,na,na,na,na,na,na,na,na
      Restaurants,100,na,na,na,na,na,na,na,na,na,na,na,na,na,na,na,na,na,na,na,na,na,na,na,na,na,na,na,na,na,na,na,na,na,na,na,na,na,na,na,na,na,na,na,na,na,na,na,na,na,na,na,na,na,na,na,na,na,na,na,na,na,na,na
      Cafes,100,na,na,na,na,na,na,na,na,na,na,na,na,na,na,na,na,na,na,na,na,na,na,na,na,na,na,na,na,na,na,na,na,na,na,na,na,na,na,na,na,na,na,na,na,na,na,na,na,na,na,na,na,na,na,na,na,na,na,na,na,na,na,na
      Pubs,100,na,na,na,na,na,na,na,na,na,na,na,na,na,na,na,na,na,na,na,na,na,na,na,na,na,na,na,na,na,na,na,na,na,na,na,na,na,na,na,na,na,na,na,na,na,na,na,na,na,na,na,na,na,na,na,na,na,na,na,na,na,na,na
    Fast Food Restaurants,100,95.64,88.727,85.111,83.694,82.649,81.349,81.134,80.237,78.486,77.197,74.596,73.922,73.99,72.596,72.23,70.508,68.426,67.059,66.185,na,na,na,na,na,na,na,na,na,na,na,na,na,na,na,na,na,na,na,na,na,na,na,na,na,na,na,na,na,na,na,na,na,na,na,na,na,na,na,na,na,na,na,na
"    Hawker Centres, And Food Courts, Coffee Shops & Kiosks",100,96.718,91.169,86.257,84.986,83.916,82.55,81.298,79.94,78.622,77.158,74.892,73.55,72.129,70.237,69.807,68.116,63.914,62.79,62.046,na,na,na,na,na,na,na,na,na,na,na,na,na,na,na,na,na,na,na,na,na,na,na,na,na,na,na,na,na,na,na,na,na,na,na,na,na,na,na,na,na,na,na,na
      Hawker Centres,100,95.824,90.438,85.341,84.202,82.846,na,na,na,na,na,na,na,na,na,na,na,na,na,na,na,na,na,na,na,na,na,na,na,na,na,na,na,na,na,na,na,na,na,na,na,na,na,na,na,na,na,na,na,na,na,na,na,na,na,na,na,na,na,na,na,na,na,na
"      Food Courts, Coffee Shops & Kiosks",100,96.949,91.358,86.494,85.188,84.192,na,na,na,na,na,na,na,na,na,na,na,na,na,na,na,na,na,na,na,na,na,na,na,na,na,na,na,na,na,na,na,na,na,na,na,na,na,na,na,na,na,na,na,na,na,na,na,na,na,na,na,na,na,na,na,na,na,na
"    Other Catering Services, Incl Vending Machines",100.001,96.927,91.192,87.238,86.654,85.252,81.284,80.419,79.058,78.494,78.325,77.332,76.644,76.022,75.035,75.019,73.929,70.222,68.682,68.605,na,na,na,na,na,na,na,na,na,na,na,na,na,na,na,na,na,na,na,na,na,na,na,na,na,na,na,na,na,na,na,na,na,na,na,na,na,na,na,na,na,na,na,na
All Items Less Accommodation,100,97.823,93.238,87.414,85.228,85.511,84.712,83.578,82.063,81.794,na,na,na,na,na,na,na,na,na,na,na,na,na,na,na,na,na,na,na,na,na,na,na,na,na,na,na,na,na,na,na,na,na,na,na,na,na,na,na,na,na,na,na,na,na,na,na,na,na,na,na,na,na,na
All Items Less Imputed Rentals For Housing,100,97.787,93.254,87.602,85.492,85.755,84.979,83.909,82.495,82.272,na,na,na,na,na,na,na,na,na,na,na,na,na,na,na,na,na,na,na,na,na,na,na,na,na,na,na,na,na,na,na,na,na,na,na,na,na,na,na,na,na,na,na,na,na,na,na,na,na,na,na,na,na,na
,,,,,,,,,,,,,,,,,,,,,,,,,,,,,,,,,,,,,,,,,,,,,,,,,,,,,,,,,,,,,,,,
Footnotes:,,,,,,,,,,,,,,,,,,,,,,,,,,,,,,,,,,,,,,,,,,,,,,,,,,,,,,,,,,,,,,,,
The weighting pattern of the Consumer Price Index (CPI) was derived from the expenditure values collected from the Household Expenditure Survey (HES) 2023 and updated to 2024 values by taking into account price changes between 2023 and 2024.,,,,,,,,,,,,,,,,,,,,,,,,,,,,,,,,,,,,,,,,,,,,,,,,,,,,,,,,,,,,,,,,
All Items -> Housing & Utilities -> Accommodation (Index):,,,,,,,,,,,,,,,,,,,,,,,,,,,,,,,,,,,,,,,,,,,,,,,,,,,,,,,,,,,,,,,,
"Accommodation, one of the groups in the Housing & Utilities expenditure division of the CPI, comprises Actual Rentals for Housing, Imputed Rentals for Housing, as well as Housing Maintenance & Repairs. A significant share of the Accommodation group is Imputed Rentals for Housing, which reflects the costs to homeowners of utilising the flow of services provided by their homes over an extended period of time. Given that the cost of using housing services is not directly observed for homeowners, it is computed based on the imputed rental concept under the rental equivalence method, i.e., proxied by market rentals of similar properties. This provides an estimated rental value for the owned home, as though the homeowner were renting it from themselves. Housing price is not considered in the CPI as it has a high investment component and is treated as a capital good. As for the CPI for Housing Maintenance & Repairs, it takes into account the rebates for Service & Conservancy Charges (S&CC) disbursed to households living in Housing and Development Board (HDB) flats in the applicable months. Imputed Rentals have no impact on the cash expenditures of most households in Singapore as they already own their homes, while the inclusion of S&CC rebates results in some volatility in the monthly CPI. As such, the CPIs for All Items less Accommodation and All Items less Imputed Rentals for Housing are compiled and published as additional indicators. For the CPI for All Items less Imputed Rentals for Housing, actual rentals paid on rented units are still included in the measure.",,,,,,,,,,,,,,,,,,,,,,,,,,,,,,,,,,,,,,,,,,,,,,,,,,,,,,,,,,,,,,,,
All Items -> Housing & Utilities -> Accommodation -> Imputed Rentals For Housing (Index):,,,,,,,,,,,,,,,,,,,,,,,,,,,,,,,,,,,,,,,,,,,,,,,,,,,,,,,,,,,,,,,,
"Accommodation, one of the groups in the Housing & Utilities expenditure division of the CPI, comprises Actual Rentals for Housing, Imputed Rentals for Housing, as well as Housing Maintenance & Repairs. A significant share of the Accommodation group is Imputed Rentals for Housing, which reflects the costs to homeowners of utilising the flow of services provided by their homes over an extended period of time. Given that the cost of using housing services is not directly observed for homeowners, it is computed based on the imputed rental concept under the rental equivalence method, i.e., proxied by market rentals of similar properties. This provides an estimated rental value for the owned home, as though the homeowner were renting it from themselves. Housing price is not considered in the CPI as it has a high investment component and is treated as a capital good. As for the CPI for Housing Maintenance & Repairs, it takes into account the rebates for Service & Conservancy Charges (S&CC) disbursed to households living in Housing and Development Board (HDB) flats in the applicable months. Imputed Rentals have no impact on the cash expenditures of most households in Singapore as they already own their homes, while the inclusion of S&CC rebates results in some volatility in the monthly CPI. As such, the CPIs for All Items less Accommodation and All Items less Imputed Rentals for Housing are compiled and published as additional indicators. For the CPI for All Items less Imputed Rentals for Housing, actual rentals paid on rented units are still included in the measure.",,,,,,,,,,,,,,,,,,,,,,,,,,,,,,,,,,,,,,,,,,,,,,,,,,,,,,,,,,,,,,,,
All Items -> Transport -> Land Transport Services -> Point-To-Point Transport Services (Index):,,,,,,,,,,,,,,,,,,,,,,,,,,,,,,,,,,,,,,,,,,,,,,,,,,,,,,,,,,,,,,,,
"Prior to 2019, data pertain to taxi services only. From 2019 onwards, data pertain to taxi and private hire car services.",,,,,,,,,,,,,,,,,,,,,,,,,,,,,,,,,,,,,,,,,,,,,,,,,,,,,,,,,,,,,,,,
All Items Less Accommodation (Index):,,,,,,,,,,,,,,,,,,,,,,,,,,,,,,,,,,,,,,,,,,,,,,,,,,,,,,,,,,,,,,,,
"Accommodation, one of the groups in the Housing & Utilities expenditure division of the CPI, comprises Actual Rentals for Housing, Imputed Rentals for Housing, as well as Housing Maintenance & Repairs. A significant share of the Accommodation group is Imputed Rentals for Housing, which reflects the costs to homeowners of utilising the flow of services provided by their homes over an extended period of time. Given that the cost of using housing services is not directly observed for homeowners, it is computed based on the imputed rental concept under the rental equivalence method, i.e., proxied by market rentals of similar properties. This provides an estimated rental value for the owned home, as though the homeowner were renting it from themselves. Housing price is not considered in the CPI as it has a high investment component and is treated as a capital good. As for the CPI for Housing Maintenance & Repairs, it takes into account the rebates for Service & Conservancy Charges (S&CC) disbursed to households living in Housing and Development Board (HDB) flats in the applicable months. Imputed Rentals have no impact on the cash expenditures of most households in Singapore as they already own their homes, while the inclusion of S&CC rebates results in some volatility in the monthly CPI. As such, the CPIs for All Items less Accommodation and All Items less Imputed Rentals for Housing are compiled and published as additional indicators. For the CPI for All Items less Imputed Rentals for Housing, actual rentals paid on rented units are still included in the measure.",,,,,,,,,,,,,,,,,,,,,,,,,,,,,,,,,,,,,,,,,,,,,,,,,,,,,,,,,,,,,,,,
All Items Less Imputed Rentals For Housing (Index):,,,,,,,,,,,,,,,,,,,,,,,,,,,,,,,,,,,,,,,,,,,,,,,,,,,,,,,,,,,,,,,,
"Accommodation, one of the groups in the Housing & Utilities expenditure division of the CPI, comprises Actual Rentals for Housing, Imputed Rentals for Housing, as well as Housing Maintenance & Repairs. A significant share of the Accommodation group is Imputed Rentals for Housing, which reflects the costs to homeowners of utilising the flow of services provided by their homes over an extended period of time. Given that the cost of using housing services is not directly observed for homeowners, it is computed based on the imputed rental concept under the rental equivalence method, i.e., proxied by market rentals of similar properties. This provides an estimated rental value for the owned home, as though the homeowner were renting it from themselves. Housing price is not considered in the CPI as it has a high investment component and is treated as a capital good. As for the CPI for Housing Maintenance & Repairs, it takes into account the rebates for Service & Conservancy Charges (S&CC) disbursed to households living in Housing and Development Board (HDB) flats in the applicable months. Imputed Rentals have no impact on the cash expenditures of most households in Singapore as they already own their homes, while the inclusion of S&CC rebates results in some volatility in the monthly CPI. As such, the CPIs for All Items less Accommodation and All Items less Imputed Rentals for Housing are compiled and published as additional indicators. For the CPI for All Items less Imputed Rentals for Housing, actual rentals paid on rented units are still included in the measure.",,,,,,,,,,,,,,,,,,,,,,,,,,,,,,,,,,,,,,,,,,,,,,,,,,,,,,,,,,,,,,,,
,,,,,,,,,,,,,,,,,,,,,,,,,,,,,,,,,,,,,,,,,,,,,,,,,,,,,,,,,,,,,,,,
Definitions,,,,,,,,,,,,,,,,,,,,,,,,,,,,,,,,,,,,,,,,,,,,,,,,,,,,,,,,,,,,,,,,
2024 As Base Year:,,,,,,,,,,,,,,,,,,,,,,,,,,,,,,,,,,,,,,,,,,,,,,,,,,,,,,,,,,,,,,,,
The base year is the period with which all the other periods are compared. The base year for the current Consumer Price Index (CPI) is 2024 and the index for 2024 is set equal to 100 points.,,,,,,,,,,,,,,,,,,,,,,,,,,,,,,,,,,,,,,,,,,,,,,,,,,,,,,,,,,,,,,,,
All Items:,,,,,,,,,,,,,,,,,,,,,,,,,,,,,,,,,,,,,,,,,,,,,,,,,,,,,,,,,,,,,,,,
"Highest level of the Consumer Price Index (CPI), containing all the divisions, groups and classes.",,,,,,,,,,,,,,,,,,,,,,,,,,,,,,,,,,,,,,,,,,,,,,,,,,,,,,,,,,,,,,,,
Consumer Price Index:,,,,,,,,,,,,,,,,,,,,,,,,,,,,,,,,,,,,,,,,,,,,,,,,,,,,,,,,,,,,,,,,
The Consumer Price Index (CPI) is designed to measure the average price changes of a fixed basket of consumption goods and services commonly purchased by resident households over time. It is widely used as a measure of consumer price inflation.,,,,,,,,,,,,,,,,,,,,,,,,,,,,,,,,,,,,,,,,,,,,,,,,,,,,,,,,,,,,,,,,
Price Index:,,,,,,,,,,,,,,,,,,,,,,,,,,,,,,,,,,,,,,,,,,,,,,,,,,,,,,,,,,,,,,,,
A composite measure of the prices of items expressed relative to a defined base period.,,,,,,,,,,,,,,,,,,,,,,,,,,,,,,,,,,,,,,,,,,,,,,,,,,,,,,,,,,,,,,,,
,,,,,,,,,,,,,,,,,,,,,,,,,,,,,,,,,,,,,,,,,,,,,,,,,,,,,,,,,,,,,,,,
Notation:,,,,,,,,,,,,,,,,,,,,,,,,,,,,,,,,,,,,,,,,,,,,,,,,,,,,,,,,,,,,,,,,
na   not available or not applicable,,,,,,,,,,,,,,,,,,,,,,,,,,,,,,,,,,,,,,,,,,,,,,,,,,,,,,,,,,,,,,,,
nec  not elsewhere classified,,,,,,,,,,,,,,,,,,,,,,,,,,,,,,,,,,,,,,,,,,,,,,,,,,,,,,,,,,,,,,,,
nes  not elsewhere specified,,,,,,,,,,,,,,,,,,,,,,,,,,,,,,,,,,,,,,,,,,,,,,,,,,,,,,,,,,,,,,,,
 -     nil or negligible or not significant,,,,,,,,,,,,,,,,,,,,,,,,,,,,,,,,,,,,,,,,,,,,,,,,,,,,,,,,,,,,,,,,
Notes,,,,,,,,,,,,,,,,,,,,,,,,,,,,,,,,,,,,,,,,,,,,,,,,,,,,,,,,,,,,,,,,
Numbers may not add up to the totals due to rounding.,,,,,,,,,,,,,,,,,,,,,,,,,,,,,,,,,,,,,,,,,,,,,,,,,,,,,,,,,,,,,,,,
"Data are the latest available at the time of access or download. Some statistics, particularly those for the most recent time periods, are provisional and may be subject to revision at a later date.",,,,,,,,,,,,,,,,,,,,,,,,,,,,,,,,,,,,,,,,,,,,,,,,,,,,,,,,,,,,,,,,
Values are shown in Singapore dollars (unless otherwise specified).,,,,,,,,,,,,,,,,,,,,,,,,,,,,,,,,,,,,,,,,,,,,,,,,,,,,,,,,,,,,,,,,
,,,,,,,,,,,,,,,,,,,,,,,,,,,,,,,,,,,,,,,,,,,,,,,,,,,,,,,,,,,,,,,,
Generated by: SingStat Table Builder,,,,,,,,,,,,,,,,,,,,,,,,,,,,,,,,,,,,,,,,,,,,,,,,,,,,,,,,,,,,,,,,
Date generated: 02/05/2025,,,,,,,,,,,,,,,,,,,,,,,,,,,,,,,,,,,,,,,,,,,,,,,,,,,,,,,,,,,,,,,,
Contact: info@singstat.gov.sg,,,,,,,,,,,,,,,,,,,,,,,,,,,,,,,,,,,,,,,,,,,,,,,,,,,,,,,,,,,,,,,,